{"member":[
    {"name":"빛다른","job":"윈드브레이커","moorng":"59.6","stat":0,"suro":0,"isPlaying":false,"keyword":["빛다른"],"days":[]},
    {"name":"질카","job":"카이저","moorng":"59.8","stat":62000000,"suro":0,"isPlaying":true,"keyword":["질문받카","질카","고/죠 질카"],"days":[]},
    {"name":"만게","job":"메르세데스","moorng":"60","stat":66000000,"suro":0,"isPlaying":true,"keyword":["리붓띠온솔","온솔","만게"],"days":[]},
    {"name":"그것이캡틴","job":"캡틴","moorng":"59.3","stat":55670000,"suro":0,"isPlaying":true,"keyword":["그것이캡틴","그것","캡틴"],"days":[]},
    {"name":"플나2nd","job":"아델","moorng":"58.4","stat":54000000,"suro":0,"isPlaying":true,"keyword":["플나2nd","플나"],"days":[]},
    {"name":"딴쩜","job":"윈드브레이커","moorng":"52","stat":0,"suro":0,"isPlaying":false,"keyword":["딴쩜"],"days":[]},
    {"name":"안제노스","job":"나이트워커","moorng":"53","stat":59000000,"suro":0,"isPlaying":true,"keyword":["안제노스"],"days":[]},
    {"name":"나무이끼풀","job":"윈드브레이커","moorng":52,"stat":0,"suro":0,"isPlaying":false,"keyword":["나무이끼풀","끼풀"],"days":[]},
    {"name":"플로레카인","job":"카인","moorng":"54.4","stat":40000000,"suro":0,"isPlaying":true,"keyword":["플로레카인","플로레"],"days":[]},
    {"name":"아침미소","job":"팔라딘","moorng":"57.1","stat":42270000,"suro":0,"isPlaying":true,"keyword":["메롤케이크","메롤","메로","아침미소"],"days":[]},
    {"name":"닥터쉔","job":"제로","moorng":52,"stat":0,"suro":0,"isPlaying":false,"keyword":["닥터쉔"],"days":[]},
    {"name":"무지개하마","job":"바이퍼","moorng":"64.5","stat":77000000,"suro":0,"isPlaying":true,"keyword":["무지개하마","무하","하마"],"days":[]},
    {"name":"10원짜리코인","job":"섀도어","moorng":"54.8","stat":33810000,"suro":0,"isPlaying":true,"keyword":["10원짜리코인","코인"],"days":[]},
    {"name":"초냥비숍","job":"비숍","moorng":"56","stat":50000000,"suro":0,"isPlaying":true,"keyword":["초냥비숍","초냥","고초 냥토리"],"days":[]},
    {"name":"뭐비숍인데","job":"비숍","moorng":"50.7","stat":36000000,"suro":0,"isPlaying":true,"keyword":["뭐비숍인데","뭐비"],"days":[]},
    {"name":"산펀","job":"아란","moorng":"67.4","stat":99990000,"suro":0,"isPlaying":false,"keyword":["산펀"],"days":[]},
    {"name":"박맛링","job":"비숍","moorng":"54.8","stat":36000000,"suro":0,"isPlaying":true,"keyword":["박맛링","맛링"],"days":[]},
    {"name":"킹콩땅콩예아","job":"소울마스터","moorng":"56.2","stat":49000000,"suro":0,"isPlaying":true,"keyword":["킹콩땅콩예아","킹콩","킹콩땅콩","킹땅"],"days":[]},
    {"name":"그것이오즈","job":"플레임위자드","moorng":"49.7","stat":16020000,"suro":0,"isPlaying":true,"keyword":["그것이오즈","오즈"],"days":[]},
    {"name":"별빛의미","job":"에반","moorng":"57.9","stat":50000000,"suro":0,"isPlaying":true,"keyword":["별빛의미","별빛","리부트/별빛의미"],"days":[]},
    {"name":"메롤리프트","job":"은월","moorng":"49.2","stat":0,"suro":0,"isPlaying":false,"keyword":["메롤리프트"],"days":[]},
    {"name":"효하온","job":"나이트워커","moorng":"49","stat":0,"suro":0,"isPlaying":false,"keyword":["효하온"],"days":[]},
    {"name":"닭발검성","job":"소울마스터","moorng":"51.2","stat":25500000,"suro":0,"isPlaying":true,"keyword":["닭발검성","닭발"],"days":[]},
    {"name":"사례니움","job":"아델","moorng":"53.3","stat":33440000,"suro":0,"isPlaying":true,"keyword":["사례니움","잼민","잼미니움"],"days":[]},
    {"name":"클링츄","job":"비숍","moorng":"51.4","stat":27000000,"suro":0,"isPlaying":true,"keyword":["클링츄","클링","크링","크리링","키시베 클링"],"days":[]},
    {"name":"벽력장","job":"나이트워커","moorng":"49.9","stat":0,"suro":0,"isPlaying":false,"keyword":["당여하","벽력장"],"days":[]},
    {"name":"뿌엉","job":"호영","moorng":"56.4","stat":0,"suro":0,"isPlaying":false,"keyword":["츄르중독묘","뿌엉"],"days":[]},
    {"name":"전희","job":"불독","moorng":"61","stat":75900000,"suro":0,"isPlaying":true,"keyword":["츠츠화","전희"],"days":[]},
    {"name":"꿀과링","job":"배틀메이지","moorng":"52.4","stat":30000000,"suro":0,"isPlaying":true,"keyword":["꿀과링"],"days":[]},
    {"name":"여우새","job":"엔젤릭버스터","moorng":"58","stat":47000000,"suro":0,"isPlaying":true,"keyword":["아이돌키아라","여우새"],"days":[]},
    {"name":"에네르기","job":"바이퍼","moorng":"59.9","stat":63000000,"suro":0,"isPlaying":true,"keyword":["ldr보","에네르기"],"days":[]},
    {"name":"불말자","job":"불독","moorng":"58","stat":45500000,"suro":0,"isPlaying":true,"keyword":["불말자","말자"],"days":[]},
    {"name":"전교셔틀짱","job":"비숍","moorng":"0","stat":0,"suro":0,"isPlaying":false,"keyword":["전교셔틀짱"],"days":[]},
    {"name":"빙결루민","job":"썬콜","moorng":"48.4","stat":8900000,"suro":0,"isPlaying":true,"keyword":["빙결루민"],"days":[]},
    {"name":"malisom","job":"카인","moorng":"50","stat":0,"suro":0,"isPlaying":false,"keyword":["malisom"],"days":[]},
    {"name":"정윈브93","job":"윈드브레이커","moorng":"49.2","stat":0,"suro":0,"isPlaying":false,"keyword":["정윈브93","정윈브"],"days":[]},    
    {"name":"o낭만비숍","job":"비숍","moorng":"53","stat":85000000,"suro":0,"isPlaying":true,"keyword":["o낭만비숍","낭만비숍","낭비숍","낭비","o낭비숍"],"days":[]},
    {"name":"진지한언니","job":"듀얼블레이드","moorng":"57","stat":60990000,"suro":0,"isPlaying":true,"keyword":["진지한언니","진지한녀석","진지"],"days":[]},
    {"name":"찬나해","job":"카인","moorng":"48","stat":23000000,"suro":0,"isPlaying":true,"keyword":["찬나해"],"days":[]},
    {"name":"어나더워르도","job":"히어로","moorng":"49.8","stat":19030000,"suro":0,"isPlaying":true,"keyword":["어나더워르도"],"days":[]},
    {"name":"그것이꽃게","job":"패스파인더","moorng":"48.5","stat":11140000,"suro":0,"isPlaying":false,"keyword":["그것이꽃게","꽃게"],"days":[]},
    {"name":"룸게이방","job":"비숍","moorng":"0","stat":8800000,"suro":0,"isPlaying":true,"keyword":["룸게이방"],"days":[]},
    {"name":"에네랑","job":"엔젤릭버스터","moorng":"55.6","stat":50440000,"suro":0,"isPlaying":true,"keyword":["에네랑","에네빌"],"days":[]},
    {"name":"굴레기통","job":"제논","moorng":"50.5","stat":17000000,"suro":0,"isPlaying":true,"keyword":["굴레기통","굴스낵"],"days":[]},
    {"name":"초냥신궁","job":"신궁","moorng":"0","stat":"0","suro":0,"isPlaying":true,"keyword":["초냥신궁"],"days":[]},
    {"name":"짖어라불독","job":"불독","moorng":"47.2","stat":"8600000","suro":0,"isPlaying":false,"keyword":["짖어라불독","불독","짖어","짖어라"],"days":[]},
    {"name":"비빌걸","job":"히어로","moorng":"51.4","stat":21000000,"suro":0,"isPlaying":true,"keyword":["비빌걸"],"days":[]},
    {"name":"서가엔버","job":"엔젤릭버스터","moorng":"63.9","stat":138300000,"suro":0,"isPlaying":true,"keyword":["서가엔버"],"days":[]},
    {"name":"노루시","job":"이위로","moorng":"63.9","stat":8000000,"suro":0,"isPlaying":false,"keyword":["노루시"],"days":[]},
    {"name":"노윌","job":"이위로","moorng":"63.9","stat":8000000,"suro":0,"isPlaying":false,"keyword":["노윌"],"days":[]},
    {"name":"노엔슬","job":"이위로","moorng":"63.9","stat":8000000,"suro":0,"isPlaying":false,"keyword":["노엔슬"],"days":[]},
    {"name":"노더스크","job":"이위로","moorng":"63.9","stat":13000000,"suro":0,"isPlaying":false,"keyword":["노더스크"],"days":[]},
    {"name":"노듄","job":"이위로","moorng":"63.9","stat":15000000,"suro":0,"isPlaying":true,"keyword":["노듄"],"days":[]},
    {"name":"하윌","job":"이위로","moorng":"49","stat":50000000,"suro":0,"isPlaying":true,"keyword":["하윌","하드윌"],"days":[]},
    {"name":"하루시","job":"이위로","moorng":"49","stat":45000000,"suro":0,"isPlaying":true,"keyword":["하루시"],"days":[]},
    {"name":"하스우","job":"이위로","moorng":"48","stat":20000000,"suro":0,"isPlaying":true,"keyword":["하스우"],"days":[]},
    {"name":"하데미","job":"이위로","moorng":"48","stat":28000000,"suro":0,"isPlaying":true,"keyword":["하데미"],"days":[]},
    {"name":"카더스크","job":"이위로","moorng":"50","stat":48000000,"suro":0,"isPlaying":true,"keyword":["카더스크","카더","카오스더스크"],"days":[]},
    {"name":"하진힐","job":"이위로","moorng":"52","stat":55000000,"suro":0,"isPlaying":true,"keyword":["하진힐"],"days":[]},
    {"name":"노진힐","job":"이위로","moorng":"50","stat":40000000,"suro":0,"isPlaying":true,"keyword":["노진힐"],"days":[]},
    {"name":"하검마","job":"이위로","moorng":"57","stat":120000000,"suro":0,"isPlaying":true,"keyword":["하검마","검마"],"days":[]},
    {"name":"카엔슬","job":"이위로","moorng":"50","stat":60000000,"suro":0,"isPlaying":true,"keyword":["카엔슬","카오스가엔슬","카슬","카가엔슬"],"days":[]},
    {"name":"하듄","job":"이위로","moorng":"52","stat":55000000,"suro":0,"isPlaying":true,"keyword":["하듄"],"days":[]},
    {"name":"델우","job":"카인","moorng":"69.74","stat":165000000,"suro":0,"isPlaying":true,"keyword":["델우","지니","제켄데르"],"days":[]},
    {"name":"레몬릴","job":"나이트로드","moorng":"99","stat":250000000,"suro":99,"isPlaying":true,"keyword":["릴타임","레몬릴"],"days":[]},
    {"name":"뿔보섯","job":"비숍","moorng":"0","stat":110000000,"suro":0,"isPlaying":true,"keyword":["뿔보섯"],"days":[]},
    {"name":"SEL섀도어","job":"섀도어","moorng":"57","stat":44000000,"suro":0,"isPlaying":true,"keyword":["SEL섀도어","셀도어"],"days":[]},
    {"name":"사과리룽","job":"라라","moorng":"0","stat":710000,"suro":0,"isPlaying":true,"keyword":["사과리룽","사과맨","겜게사과맨"],"days":[]},
    {"name":"지코맨","job":"스트라이커","moorng":"52","stat":16000000,"suro":0,"isPlaying":true,"keyword":["지코맨","건전맨","건준맨","분탕땃쥐맨","창섭시해자","건와와맨"],"days":[]},
    {"name":"지코맨","job":"스트라이커","moorng":"49","stat":"0","suro":0,"isPlaying":true,"keyword":["지코맨"],"days":[]}
    ]}