{"input":"/도움","output":"캡틴플래닛 연맹방 채팅봇 2.4입니다.
현재 장수-이름, 병종, 특성, 특성&병종, 코스트계산, 코스트 검색, 군주/태수 효과 검색, 보물-이름, 특성 검색 기능이 있습니다.

각 검색 예시
장수 : /장비
병종 : /경기병
특성 : /만인지적, /만인지적 /분전
특성&병종 : /분전 ?경기병
코스트 : /19코, /23코 이상?효기병
코스트계산 : /유비 /관우 /장비 /착갈 /마갈(섬멸전 5인)
/유비 /관우 /장비 /조운 /황충 /마초 /착갈(경쟁전 7인)
보물 : /장팔사모
보물 특성 : /연환 ?창, /장비 ?보물
효과 : /징세의 달인, /전징세
병종정보 : /경기병 정보
특성정보 : /분전 정보, /파동 정보

자주 쓰이는 특성명은 줄임말이 등록되어있습니다. (방어능력전환→방능전 등) 요청시 추가해드립니다.

기타 건의사항이 있을 시 헬촉국 을 외쳐주시면 등장하도록 하겠습니다.
감사합니다.","room":"헬봇","chatType":1,"roomType":0,"sender":"","prob":100},
{"input":"@현자비스","output":"샤올타운 봇 자비스입니다.
자비스 명령어는 다음과 같습니다.

0. @자비스 : 도움말을 불러옵니다.
1. @닉네임or상태창! : 저장된 정보를 불러옵니다.
2. 헤이 자비스 : 랜덤으로 지정된 문장으로 답변합니다.
3. 가위, 바위, 보 : 가위바위보를 합니다.
4. /카운트 1~10 : 카운트다운을 합니다.
5. 잘자 얘들아 or 얘들아 잘자 : 잘자요
6. /동전 : 동전던지기를 합니다.
7. /로또 : 로또 번호 6개를 알려줍니다.
8. 문제풀어줘 : 5지선다형 문제를 풀어줍니다.
9. vs : vs 앞뒤의 선택지를 골라줍니다.
10. ↑↓ : 업다운을 골라줍니다.

기능은 계속해서 추가해나가겠습니다.
감사합니다.","room":"단톡","chatType":1,"roomType":0,"sender":"","prob":100},
{"input":"/명령어","output":"0. /명령어 : 도움말을 불러옵니다.
1. /직업 : 메이플 직업의 정보를 불러옵니다.(ex /캡틴, /엔버 등)
2. 가위, 바위, 보 : 가위바위보를 합니다.
3. /카운트 1~10 : 카운트다운을 합니다.
4. /로또 : 로또 번호 6개를 알려줍니다.
5. 문제풀어줘 : 5지선다형 문제를 풀어줍니다.
6. vs : vs 앞뒤의 선택지를 골라줍니다.
7. ↑↓ : 업다운을 골라줍니다.
8. /가이드 : 메이플 관련 가이드 정보를 불러옵니다.
9. /레헬~ :  레헬른 주퀘 공략 링크를 불러옵니다.
10. /닉네임 검색 or /검색 닉네임 : 메이플gg에서 닉네임을 검색합니다.
11. /닉네임 스탯 or /스탯 닉네임 : 스탯 검색 사이트에서 닉네임을 검색합니다. 공식홈페이지에서 정보공개가 되어있지않으면 불러올 수 없습니다.
12. /닉네임 리스펙 or /리스펙 닉네임 : 리부트 스펙 검색 사이트에서 닉네임을 검색합니다. 공식홈페이지에서 정보공개가 되어있지않으면 불러올 수 없습니다.
13. /포탈 : 메이플 공략 링크가 담겨있는 포탈 사이트를 불러옵니다.
14. /환산 : 수로-무릉 점수 환산 사이트를 불러옵니다.
15. 봇치야 : 봇을 부릅니다.
16. /스펙 : 주간보스에 참여하는 파티원의 목록과 전투력, 무릉 점수를 불러옵니다.
17. /이름 스펙 or 상태창! : 해당 인원의 전투력, 무릉 점수를 불러옵니다.
18. /닉네임 00층 : 해당 인원의 무릉 층수를 수정합니다.(/닉네임 띄고 숫자 다음 \"층\"이 필수)
19. /닉네임 00만 : 해당 인원의 전투력을 만단위로 저장합니다.(/닉네임 띄고 숫자 다음 \"만\"이 필수)

기능은 계속해서 추가해나가겠습니다.
감사합니다.","room":"자괴감","chatType":0,"roomType":2,"sender":"","prob":100},
{"input":"/가이드","output":"[메이플 줄임말&고유명사] 

 -고피아: 고귀한 이피아의 반지의 줄임말. 사자왕의 성 퀘스트를 모두 완료 후 장미정원 퀘스트 또는 하드 반레온을 처치해 얻을 수 있는 이피아의 장신구(반지, 펜던트, 귀걸이) 10개와 교환할 수 있다.

- 노블: 노블레스 스킬의 줄임말. 길드에 가입하면 사용할 수 있다. 크리티컬 데미지, 방어력 무시, 보스데미지 등의 효율이 좋은 버프들이 존재한다. 지속시간은 최대 30분에 쿨타임은 60분(쿨타임은 게임 접속시에만 감소한다.)

-길드컨텐츠:  노블레스 스킬의 레벨을 올리기 위한 포인트를 얻을 수 있는 컨텐츠로 주간 미션, 지하 수로, 플래그 레이스가 존재한다. 

- 지하 수로: 주어진 시간동안 보스를 공격하여 가한 데미지에 따라 점수가 주어진다.

- 플래그 레이스: 주어진 코스를 제한 시간내에 세바퀴를 빠르게 돌 수록 높은 점수를 얻는다

- 주간 미션:  몬스터를 사냥해서 얻는 헌팅 포인트와 보스를 퇴치하여 얻는 보스 포인트가 있다.

- 경쿠: 경험치 쿠폰의 줄임말. 경쿠끼리는 중복 불가. (보통 2배이고 가끔1.5배, 3배도 있습니다.) 

- 경뿌: 경험치 뿌리기의 줄임말. 경험치를 1.5배 더 획득할 수 있다. 누적 캐시 사용량으로 증가하는 MVP등급 골드 이상에서 획득할 수 있으며, 경쿠와 중복이 가능하다. 

- 길뿌: 길드의 축복의 줄임말. 일정 시간동안 공격력과 마력을 올려준다. 

- 우뿌: 우르스 상점에서 구입할 수 있는 마슈르의 선물의 줄임말. 일정 시간동안 공격력과 마력을 올려준다.  

- 정펜: 정령의 펜던트의 줄임말. 이벤트등으로 얻을 수 있는 펜던트 아이템으로 착용한 시간에 따라 추가 경험치 버프를 얻는다. (아이템 장착 해제시 착용 시간이 초기화된다.) 

- 준정펜: 준비된 정령의 펜던트의 줄임말. 착용 시간에 관계없이 최고 착용시간(30%) 경험치 버프를 얻는다. 

- 재획(비): 마이스터빌의 연금술로 만들 수 있는 재물 획득의 비약의 줄임말이다. 사용시 2시간 동안 아이템 드랍률이 20% 증가한다.  

- n재획 or n재 : 재획비를 마시고 사냥을 하는 것을 말한다. (재획비 지속시간이 2시간 이므로 1재획은 2시간동안 사냥을 했다는 뜻이다.) 

- 익골, 익레, 익블, 익그: 몬스터 파크 클리어 보상인 요일별 상자를 통해 얻을 수 있는 코인을 통해 구입할 수 있는 버프 물약이다. 각각 경험치 10%, 공격력과 최대HP, 마력과 최대MP, 공격속도 1단계 버프를 준다. 

- 공속: 캐릭터의 공격속도. 스탯창에서 확인이 가능하고 최대 8단계까지 존재한다. 

- 환불: 환생의불꽃(강력한, 영원한등)의 줄임말. 아이템의 추가옵션(연두색 숫자)을 재조정한다. 

- 스타포스: 장비에 추가되는 별. 장비마다 최대치가 다르고 별의 개수가 많을수록 세다. 

- 보장: 보스장신구. 자쿰, 혼테일등을 퇴치해 얻을 수 있는 장신구이다. 보통 9개를 장착한다. 

- 카루타: 카오스 루타비스의 줄임말. 카오스 블러디퀸, 피에르, 반반, 벨룸을 지칭하는 말. 

퇴치해 나온 조각으로 각각 모자, 상의, 하의, 무기를 얻을 수 있다. (무기만 15개 나머지 5개) 

- 스데미: 스우와 데미안의 줄임말. 스우를 퇴치해 나온 특수형 에너지 코어(S급) 한 개와 헤이븐 주간퀘스트 보상으로 얻을 수 있는 보급형 에너지 코어(A급) 스무 개를 조합해 앱솔랩스 코인을, 데미안을 퇴치해 나온 뒤틀린 낙인의 영혼석 한 개와 버려진 야영지 주간퀘스트 보상으로 얻을 수 있는 희미한 낙인의 영혼석 스무 개를 조합해 스티그마 코인을 얻을 수 있다. 

앱솔랩스 코인으로는 [장갑, 신발, 망토](2개), [무기](5개)를, 스티그마 코인으로는 [모자, 한 벌옷, 견장](2개), [무기](5개)를 구매할 수 있다. 

- n카n앱: 카루타 장비와 앱솔랩스 장비를 몇 개나 장비했는지 표현하는 말이다. 보통은 4카 5앱이나 3카 5앱을 사용한다. 

- 4카5앱: 카오스 루타비스 모자(카오스 퀸의 티아라, 카오스 벨룸의 투구 등등), 이글아이 상의, 트릭스터 하의, 파프니르 무기, 앱솔랩스 장갑, 신발, 망토, 견장 (“카오스” 퀸의 티아라 등은 럭키 아이템으로 분류되어 3파츠 이상 장비한 아이템에 포함되기에 카루타와 앱솔셋 모두 세트효과를 받을 수 있지만 3카5앱에 비해 무기 순수 공격력이 낮다는 단점이 있다.) 

- 3카5앱: 하이네스 투구, 이글아이 상의, 트릭스터 하의, 앱솔랩스 장 갑, 신발, 망토, 견장, 무기 

- 코젬: 코어젬스톤의 줄임말.  

- 코어: 코어젬스톤을 사용해 나온 코어로, 강화코어, 스킬코어, 특수코어로 분류된다. 

- 강화코어: 4차 이하의 스킬을 강화할 수 있는 코어로 뒷배경이 검은색이고 세 개씩 묶여있다. 

- 스킬코어: 5차가 되어 획득할 수 있는 신규 스킬이다. 

- 특수코어: 특수한 조건에서 발동되는 버프스킬류이다. 

- 우르스: 하루에 3회 입장 가능한 16인 레이드 보스이다. 클리어시 레벨의 따라 막대한 메소를 준다. (13시에서 23시 사이에 클리어시 메소를 두 배로 준다.) 

- 링크: 다른 캐릭터에게 공유할 수 있는 스킬이다. 스킬창 0차에서 확인할 수 있고 캐릭터마다 다르다. 필수 링크가 있으니 찾아보자. 

- 유니온: 월드내 캐릭터 42개의 합산으로 계산되는 숫자이다. 유니온 레벨을 달성하고, 유니온 참여 보상으로 얻을 수 있는 유니온 코인을 지불하여 유니온 등급을 올릴 수 있고, 유니온 등급에 따라 해금되는 타일에 캐릭터를 배치해서 유용한 버프를 얻을 수 있다. 

- 메획: 메소 획득량의 줄임말. 상태창에서 확인이 가능하고 이 수치가 높을수록 한번에 드랍되는 메소의 양이 증가한다. 유니온, 어빌리티, 버프, 아이템(레전드리 잠재능력이상)에서 수급이 가능하다. 

- 아획: 아이템 획득량의 줄임말. 상태창에서 확인이 가능하고 이 수치가 높을수록 드랍되는 아이템의 확률이 증가한다. 어빌리티, 버프, 아이템(레전드리 잠재능력이상)에서 수급이 가능하다. (67%이상을 유지해야 메소가 100%로 드랍되기에 중요하다.) 

 

[메이플 할 일] 

 

- 일일 보스(자정초기화) 

- 우르스(자정초기화) : 13시~23시 메소 2배

- 주간보스(목요일 자정초기화) 

- 길드컨텐츠 : 지하 수로 or 플래그 레이스 선택 (일요일 23시까지 해야함)★★★★★

- 아케인리버 일일 퀘스트(자정초기화) 

- 아케인리버 주간퀘스트(월요일 자정초기화) 

- 헤이븐 주간퀘스트(월요일 자정초기화) 

- 버려진 야영지 주간퀘스트(월요일 자정초기화) 

- 유니온 일일퀘스트(자정초기화) 

- 몬스터파크(자정초기화) 

- 기타 이벤트 코인 수집(자정초기화) 

Written by Mero2","room":"자괴감","chatType":0,"roomType":0,"sender":"","prob":100},
{"input":"/레헬","output":"https://in-fo.github.io/midnight-chaser-helper/","room":"자괴감","chatType":2,"roomType":0,"sender":"","prob":100},
{"input":"/포탈","output":"http://mapleportal.net/","room":"자괴감","chatType":0,"roomType":0,"sender":"","prob":100},
{"input":"/환산","output":"141.kr/suro","room":"자괴감","chatType":0,"roomType":0,"sender":"","prob":100},
{"input":"/디스코드","output":"https://discord.gg/E3McF7xW","room":"자괴감","chatType":0,"roomType":0,"sender":"","prob":100},
{"input":"/구인구직","output":"https://open.kakao.com/o/gxnTgapf","room":"자괴감","chatType":0,"roomType":0,"sender":"","prob":100},
{"input":"/정보공개","output":"https://maplestory.nexon.com/MyMaple/Account/Character/Visibility","room":"자괴감","chatType":0,"roomType":0,"sender":"","prob":100},
{"input":"/검마","output":"https://m.inven.co.kr/board/maple/2304/36081","room":"","chatType":0,"roomType":0,"sender":"","prob":100}