{"member":[{"name":"빛다른","job":"윈드브레이커","moorng":"59.6","stat":0,"suro":0,"isPlaying":false,"keyword":["빛다른"]},{"name":"질카","job":"카이저","moorng":"59.8","stat":62000000,"suro":0,"isPlaying":true,"keyword":["질문받카","질카","고/죠 질카"]},{"name":"만게","job":"메르세데스","moorng":"60","stat":66000000,"suro":0,"isPlaying":true,"keyword":["리붓띠온솔","온솔","만게"]},{"name":"그것이캡틴","job":"캡틴","moorng":"58.9","stat":55670000,"suro":0,"isPlaying":true,"keyword":["그것이캡틴","그것","캡틴"]},{"name":"플나2nd","job":"아델","moorng":"58.4","stat":56000000,"suro":0,"isPlaying":true,"keyword":["플나2nd","플나"]},{"name":"딴쩜","job":"윈드브레이커","moorng":"52","stat":0,"suro":0,"isPlaying":false,"keyword":["딴쩜"]},{"name":"안제노스","job":"나이트워커","moorng":"53","stat":59000000,"suro":0,"isPlaying":true,"keyword":["안제노스"]},{"name":"나무이끼풀","job":"윈드브레이커","moorng":52,"stat":0,"suro":0,"isPlaying":false,"keyword":["나무이끼풀","끼풀"]},{"name":"플로레카인","job":"카인","moorng":"54.4","stat":40000000,"suro":0,"isPlaying":true,"keyword":["플로레카인","플로레"]},{"name":"아침미소","job":"팔라딘","moorng":"57.1","stat":0,"suro":0,"isPlaying":false,"keyword":["메롤케이크","메롤","메로","아침미소"]},{"name":"닥터쉔","job":"제로","moorng":52,"stat":0,"suro":0,"isPlaying":false,"keyword":["닥터쉔"]},{"name":"무지개하마","job":"바이퍼","moorng":"62","stat":71000000,"suro":0,"isPlaying":true,"keyword":["무지개하마","무하","하마"]},{"name":"10원짜리코인","job":"섀도어","moorng":"54.8","stat":33810000,"suro":0,"isPlaying":true,"keyword":["10원짜리코인","코인"]},{"name":"초냥비숍","job":"비숍","moorng":"56","stat":46000000,"suro":0,"isPlaying":true,"keyword":["초냥비숍","초냥","고초 냥토리"]},{"name":"뭐비숍인데","job":"비숍","moorng":"50.7","stat":23000000,"suro":0,"isPlaying":true,"keyword":["뭐비숍인데","뭐비"]},{"name":"산펀","job":"아란","moorng":"67.4","stat":99990000,"suro":0,"isPlaying":false,"keyword":["산펀"]},{"name":"박맛링","job":"비숍","moorng":"54","stat":30000000,"suro":0,"isPlaying":true,"keyword":["박맛링","맛링"]},{"name":"킹콩땅콩예아","job":"소울마스터","moorng":"55.1","stat":38800000,"suro":0,"isPlaying":true,"keyword":["킹콩땅콩예아","킹콩","킹콩땅콩","킹땅"]},{"name":"그것이오즈","job":"플레임위자드","moorng":"49.7","stat":13710000,"suro":0,"isPlaying":true,"keyword":["그것이오즈","오즈"]},{"name":"별빛의미","job":"에반","moorng":"57","stat":46000000,"suro":0,"isPlaying":true,"keyword":["별빛의미","별빛","리부트/별빛의미"]},{"name":"메롤리프트","job":"은월","moorng":"49.2","stat":0,"suro":0,"isPlaying":false,"keyword":["메롤리프트"]},{"name":"효하온","job":"나이트워커","moorng":"49","stat":0,"suro":0,"isPlaying":false,"keyword":["효하온"]},{"name":"닭발검성","job":"소울마스터","moorng":"51.2","stat":25500000,"suro":0,"isPlaying":true,"keyword":["닭발검성","닭발"]},{"name":"사례니움","job":"아델","moorng":"53.3","stat":33440000,"suro":0,"isPlaying":true,"keyword":["사례니움","잼민","잼미니움"]},{"name":"클링츄","job":"비숍","moorng":"50.1","stat":25000000,"suro":0,"isPlaying":true,"keyword":["클링츄","클링","크링","크리링","키시베 클링"]},{"name":"벽력장","job":"나이트워커","moorng":"49.9","stat":0,"suro":0,"isPlaying":false,"keyword":["당여하","벽력장"]},{"name":"뿌엉","job":"호영","moorng":"56.4","stat":0,"suro":0,"isPlaying":false,"keyword":["츄르중독묘","뿌엉"]},{"name":"전희","job":"불독","moorng":"61","stat":68600000,"suro":0,"isPlaying":false,"keyword":["츠츠화","전희"]},{"name":"꿀과링","job":"배틀메이지","moorng":"52.4","stat":30000000,"suro":0,"isPlaying":true,"keyword":["꿀과링"]},{"name":"여우새","job":"엔젤릭버스터","moorng":"54","stat":41000000,"suro":0,"isPlaying":true,"keyword":["아이돌키아라","여우새"]},{"name":"에네르기","job":"바이퍼","moorng":"59.9","stat":63000000,"suro":0,"isPlaying":true,"keyword":["ldr보","에네르기"]},{"name":"불말자","job":"불독","moorng":"5.71","stat":33000000,"suro":0,"isPlaying":true,"keyword":["불말자","말자"]},{"name":"전교셔틀짱","job":"비숍","moorng":"0","stat":0,"suro":0,"isPlaying":false,"keyword":["전교셔틀짱"]},{"name":"빙결루민","job":"썬콜","moorng":"48.4","stat":8900000,"suro":0,"isPlaying":true,"keyword":["빙결루민"]},{"name":"malisom","job":"카인","moorng":"50","stat":0,"suro":0,"isPlaying":false,"keyword":["malisom"]},{"name":"정윈브93","job":"윈드브레이커","moorng":"49.2","stat":0,"suro":0,"isPlaying":false,"keyword":["정윈브93","정윈브"]},{"name":"o낭만비숍","job":"비숍","moorng":"53","stat":85000000,"suro":0,"isPlaying":true,"keyword":["o낭만비숍","낭만비숍","낭비숍","낭비","o낭비숍"]},{"name":"진지한언니","job":"듀얼블레이드","moorng":"57","stat":60990000,"suro":0,"isPlaying":true,"keyword":["진지한언니","진지한녀석","진지"]},{"name":"찬나해","job":"카인","moorng":"48","stat":22000000,"suro":0,"isPlaying":true,"keyword":["찬나해"]},{"name":"어나더워르도","job":"히어로","moorng":"49.8","stat":19030000,"suro":0,"isPlaying":true,"keyword":["어나더워르도"]},{"name":"그것이꽃게","job":"패스파인더","moorng":"48.5","stat":11140000,"suro":0,"isPlaying":true,"keyword":["그것이꽃게","꽃게"]},{"name":"룸게이방","job":"비숍","moorng":"0","stat":8800000,"suro":0,"isPlaying":true,"keyword":["룸게이방"]},{"name":"에네랑","job":"엔젤릭버스터","moorng":"55.6","stat":50440000,"suro":0,"isPlaying":true,"keyword":["에네랑","에네빌"]},{"name":"굴레기통","job":"제논","moorng":"50.5","stat":17000000,"suro":0,"isPlaying":true,"keyword":["굴레기통","굴스낵"]},{"name":"초냥신궁","job":"신궁","moorng":"0","stat":"0","suro":0,"isPlaying":true,"keyword":["초냥신궁"]},{"name":"짖어라불독","job":"불독","moorng":"47.2","stat":"8600000","suro":0,"isPlaying":false,"keyword":["짖어라불독","불독","짖어","짖어라"]},{"name":"비빌걸","job":"히어로","moorng":"51.4","stat":"21000000","suro":0,"isPlaying":true,"keyword":["비빌걸"]},{"name":"서가엔버","job":"엔젤릭버스터","moorng":"63.9","stat":138300000,"suro":0,"isPlaying":true,"keyword":["서가엔버"]},{"name":"노루시","job":"이위로","moorng":"63.9","stat":8000000,"suro":0,"isPlaying":false,"keyword":["노루시"]},{"name":"노윌","job":"이위로","moorng":"63.9","stat":8000000,"suro":0,"isPlaying":false,"keyword":["노윌"]},{"name":"노엔슬","job":"이위로","moorng":"63.9","stat":8000000,"suro":0,"isPlaying":false,"keyword":["노엔슬"]},{"name":"노더스크","job":"이위로","moorng":"63.9","stat":13000000,"suro":0,"isPlaying":false,"keyword":["노더스크"]},{"name":"노듄","job":"이위로","moorng":"63.9","stat":15000000,"suro":0,"isPlaying":true,"keyword":["노듄"]},{"name":"하윌","job":"이위로","moorng":"49","stat":"18000000","suro":0,"isPlaying":true,"keyword":["하윌"]},{"name":"하루시","job":"이위로","moorng":"49","stat":"18000000","suro":0,"isPlaying":true,"keyword":["하루시"]},{"name":"하스우","job":"이위로","moorng":"48","stat":16500000,"suro":0,"isPlaying":true,"keyword":["하스우"]},{"name":"하데미","job":"이위로","moorng":"48","stat":"16500000","suro":0,"isPlaying":true,"keyword":["하데미"]},{"name":"카더스크","job":"이위로","moorng":"50","stat":"25000000","suro":0,"isPlaying":true,"keyword":["카더스크"]},{"name":"하진힐","job":"이위로","moorng":"52","stat":"30000000","suro":0,"isPlaying":true,"keyword":["하진힐"]},{"name":"노진힐","job":"이위로","moorng":"50","stat":"22000000","suro":0,"isPlaying":true,"keyword":["노진힐"]},{"name":"하검마","job":"이위로","moorng":"57","stat":45000000,"suro":0,"isPlaying":true,"keyword":["하검마"]},{"name":"카엔슬","job":"이위로","moorng":"50","stat":"25000000","suro":0,"isPlaying":true,"keyword":["카엔슬"]},{"name":"하듄","job":"이위로","moorng":"52","stat":27000000,"suro":0,"isPlaying":true,"keyword":["하듄"]},{"name":"델우","job":"카인","moorng":"65","stat":165000000,"suro":0,"isPlaying":true,"keyword":["델우","지니","제켄데르"]},{"name":"레몬릴","job":"나이트로드","moorng":"99","stat":250000000,"suro":99,"isPlaying":true,"keyword":["릴타임","레몬릴"]},{"name":"뿔보섯","job":"비숍","moorng":"0","stat":110000000,"suro":0,"isPlaying":true,"keyword":["뿔보섯"]},{"name":"SEL섀도어","job":"섀도어","moorng":"57","stat":46480000,"suro":0,"isPlaying":true,"keyword":["SEL섀도어"]},{"name":"SEL섀도어undefined","job":"섀도어","moorng":"57","stat":0,"suro":0,"isPlaying":true,"keyword":["SEL섀도어undefined"]}]}